{
    "epoch": 2.0,
    "eval_loss": 2.8645246028900146,
    "eval_runtime": 1.9689,
    "eval_samples_per_second": 25.395,
    "eval_steps_per_second": 3.555,
    "train_loss": 2.8558988094329836,
    "train_runtime": 165.8865,
    "train_samples_per_second": 11.454,
    "train_steps_per_second": 0.181
}