{
    "epoch": 0.64,
    "eval_loss": 3.1768383979797363,
    "eval_runtime": 8.1896,
    "eval_samples_per_second": 61.053,
    "eval_steps_per_second": 7.693,
    "train_loss": 3.069415879249573,
    "train_runtime": 68.2055,
    "train_samples_per_second": 9.383,
    "train_steps_per_second": 0.147
}