{
  "overall": {
    "raw_mean": 0.25873015873015875,
    "clipped_mean": 0.25873015873015875,
    "n": 105
  },
  "by_axis": {
    "axis:accuracy": {
      "raw_mean": 0.2,
      "clipped_mean": 0.2,
      "n": 75
    },
    "axis:communication_quality": {
      "raw_mean": 0.2222222222222222,
      "clipped_mean": 0.2222222222222222,
      "n": 45
    },
    "axis:completeness": {
      "raw_mean": 0.08333333333333333,
      "clipped_mean": 0.08333333333333333,
      "n": 12
    },
    "axis:context_awareness": {
      "raw_mean": 0.26785714285714285,
      "clipped_mean": 0.26785714285714285,
      "n": 56
    },
    "axis:instruction_following": {
      "raw_mean": 0.6666666666666666,
      "clipped_mean": 0.6666666666666666,
      "n": 15
    }
  },
  "by_theme": {
    "theme:communication": {
      "raw_mean": 0.03333333333333333,
      "clipped_mean": 0.03333333333333333,
      "n": 15
    },
    "theme:complex_responses": {
      "raw_mean": 0.3,
      "clipped_mean": 0.3,
      "n": 15
    },
    "theme:context_seeking": {
      "raw_mean": 0.1,
      "clipped_mean": 0.1,
      "n": 15
    },
    "theme:emergency_referrals": {
      "raw_mean": 0.23333333333333334,
      "clipped_mean": 0.23333333333333334,
      "n": 15
    },
    "theme:global_health": {
      "raw_mean": 0.23333333333333334,
      "clipped_mean": 0.23333333333333334,
      "n": 15
    },
    "theme:health_data_tasks": {
      "raw_mean": 0.5333333333333333,
      "clipped_mean": 0.5333333333333333,
      "n": 15
    },
    "theme:hedging": {
      "raw_mean": 0.3777777777777777,
      "clipped_mean": 0.3777777777777777,
      "n": 15
    }
  },
  "by_physician_category": {
    "physician_agreed_category:any-reducible-uncertainty": {
      "raw_mean": 0.20833333333333331,
      "clipped_mean": 0.20833333333333331,
      "n": 8
    },
    "physician_agreed_category:conditionally-emergent": {
      "raw_mean": 0.4166666666666667,
      "clipped_mean": 0.4166666666666667,
      "n": 6
    },
    "physician_agreed_category:context-does-not-matter": {
      "raw_mean": 0.625,
      "clipped_mean": 0.625,
      "n": 4
    },
    "physician_agreed_category:context-matters-but-unclear": {
      "raw_mean": 0.25,
      "clipped_mean": 0.25,
      "n": 4
    },
    "physician_agreed_category:context-matters-is-clear": {
      "raw_mean": 0.0,
      "clipped_mean": 0.0,
      "n": 7
    },
    "physician_agreed_category:detailed": {
      "raw_mean": 0.125,
      "clipped_mean": 0.125,
      "n": 4
    },
    "physician_agreed_category:emergent": {
      "raw_mean": 0.0,
      "clipped_mean": 0.0,
      "n": 6
    },
    "physician_agreed_category:enough-context": {
      "raw_mean": 0.125,
      "clipped_mean": 0.125,
      "n": 8
    },
    "physician_agreed_category:enough-info-to-complete-task": {
      "raw_mean": 0.375,
      "clipped_mean": 0.375,
      "n": 8
    },
    "physician_agreed_category:health-professional": {
      "raw_mean": 0.0,
      "clipped_mean": 0.0,
      "n": 5
    },
    "physician_agreed_category:no-uncertainty": {
      "raw_mean": 0.5555555555555555,
      "clipped_mean": 0.5555555555555555,
      "n": 3
    },
    "physician_agreed_category:non-emergent": {
      "raw_mean": 0.3333333333333333,
      "clipped_mean": 0.3333333333333333,
      "n": 3
    },
    "physician_agreed_category:not-enough-context": {
      "raw_mean": 0.07142857142857142,
      "clipped_mean": 0.07142857142857142,
      "n": 7
    },
    "physician_agreed_category:not-enough-info-to-complete-task": {
      "raw_mean": 0.7142857142857143,
      "clipped_mean": 0.7142857142857143,
      "n": 7
    },
    "physician_agreed_category:not-health-professional": {
      "raw_mean": 0.05,
      "clipped_mean": 0.05,
      "n": 10
    },
    "physician_agreed_category:only-irreducible-uncertainty": {
      "raw_mean": 0.5833333333333334,
      "clipped_mean": 0.5833333333333334,
      "n": 4
    },
    "physician_agreed_category:simple": {
      "raw_mean": 0.36363636363636365,
      "clipped_mean": 0.36363636363636365,
      "n": 11
    }
  },
  "num_judged_examples": 105,
  "benchmark": "healthbench",
  "subset_name": "consensus",
  "judge_model": "gpt-5.2",
  "model_alias": "qwen3_8b_dpo_v2_ckpt330_theme15",
  "model_name_or_path": "/home/qjh/llm_learning/base_model/qwen3_8B",
  "adapter_path": "/home/qjh/llm_learning/my_medical_gpt/outputs/dpo/20260411_090021_qwen3-8b_ckpt75_medical_pairwise_v2_dpo/checkpoints/checkpoint-330",
  "responses_path": "/home/qjh/llm_learning/my_medical_gpt/outputs/eval/20260411_healthbench_dpo_v2_ckpt330_gpt52_consensus_theme15x7_seed314/responses.jsonl",
  "judgments_path": "/home/qjh/llm_learning/my_medical_gpt/outputs/eval/20260411_healthbench_dpo_v2_ckpt330_gpt52_consensus_theme15x7_seed314/judgments.jsonl"
}
